player,fantasy,salary,value,score,madeCut,first,topFive,topTen,topTwentyFive,eagles,birdies,pars,bogeys,doubleBogeys,team,gameInfo
Pontus Nyholm,35.92,N/A,N/A,2.85,45.68%,0.32%,2.28%,4.92%,13.68%,0.16,8.47,33.59,8.99,1.23,,
Lee Hodges,45,$8800,5.11,1.2,58.36%,1.36%,6.48%,11.72%,26.04%,0.2,10.01,36.61,8.97,1.22,,
Matt Kuchar,42.9,$8000,5.36,1.57,56.04%,0.64%,4.56%,9.08%,22.84%,0.18,9.7,36.05,9.03,1.21,,
Adam Hadwin,33.15,$7300,4.54,3.33,40.72%,0.2%,2.16%,4.28%,12.08%,0.14,7.93,32.48,8.85,1.25,,
Nick Hardy,36.37,$7200,5.05,2.75,46.08%,0.36%,2.44%,4.8%,14.56%,0.16,8.54,33.66,9.02,1.2,,
Adrien Dumont De Chassart,34.39,$8200,4.19,3.1,42.96%,0.08%,1.72%,4.68%,12.76%,0.15,8.23,32.87,8.98,1.23,,
Lanto Griffin,42,$7200,5.83,1.71,54.64%,0.48%,4.28%,8.68%,21.56%,0.18,9.56,35.67,9.05,1.2,,
Christo Lamprecht,25.77,$7000,3.68,4.84,28.84%,0.04%,0.44%,1.12%,4.28%,0.12,6.63,29.4,8.93,1.3,,
Davis Thompson,45.62,$9600,4.75,1,59.16%,1.28%,5.52%,12.28%,27.56%,0.19,10.12,36.83,8.97,1.19,,
Erik Van Rooyen,37.33,$7800,4.79,2.59,48.32%,0.36%,2.36%,5.64%,15.12%,0.16,8.72,34.23,9.09,1.2,,
Fabian Gomez,36.17,$7500,4.82,2.89,47.16%,0.24%,2.2%,4.88%,14.52%,0.16,8.54,33.95,9.09,1.24,,
Jake Knapp,47.02,$10800,4.35,0.81,60.52%,1.36%,7.88%,13.8%,29.12%,0.2,10.39,36.98,9.02,1.2,,
Camilo Villegas,36.44,$7100,5.13,2.86,47.16%,0.28%,2.4%,5.84%,13.88%,0.16,8.58,33.87,9.15,1.22,,
Jordan L. Smith,45.18,$10300,4.39,1.14,58.2%,1.0%,5.96%,11.56%,26.84%,0.2,10.1,36.42,9.04,1.2,,
Trace Crowe,42.97,$7600,5.65,1.43,55.36%,0.32%,4.76%,10.04%,24.72%,0.18,9.7,35.92,8.92,1.21,,
Hayden Springer,40,$7600,5.26,2.11,52.24%,0.48%,3.04%,7.36%,18.8%,0.16,9.25,35.12,9.07,1.22,,
Stefano Mazzoli,33.9,N/A,N/A,3.23,43.16%,0.16%,1.6%,3.92%,11.8%,0.15,8.1,33.07,8.99,1.24,,
Neal Shipley,38.28,$7700,4.97,2.39,48.72%,0.64%,3.68%,6.64%,16.32%,0.17,8.82,34.36,8.99,1.2,,
Paul Peterson,46.78,N/A,N/A,0.78,60.4%,1.28%,7.12%,13.68%,28.6%,0.19,10.28,37.2,8.87,1.2,,
Jeevan Sihota,33.8,N/A,N/A,3.26,42.36%,0.32%,1.88%,4.08%,11.68%,0.13,8.09,32.81,8.98,1.23,,
Rico Hoey,42.91,$8600,4.99,1.5,54.6%,0.84%,4.76%,10.52%,24.52%,0.19,9.67,35.6,9.01,1.19,,
Kevin Roy,43.71,$7800,5.6,1.34,56.08%,0.8%,4.76%,10.88%,25.04%,0.2,9.79,36,9.03,1.17,,
Keith Mitchell,48.11,$10900,4.41,0.53,62.24%,1.28%,7.72%,13.72%,30.8%,0.2,10.6,37.43,9.01,1.18,,
Mac Meissner,51.01,$9500,5.37,0.08,65.36%,1.84%,10.36%,17.32%,34.16%,0.21,11.04,38.08,9.01,1.18,,
Dou Zecheng,41.84,$8300,5.04,1.73,54.0%,0.84%,4.76%,9.04%,21.68%,0.19,9.47,35.59,8.99,1.21,,
Harry Higgs,35.02,$7300,4.8,3.08,44.76%,0.28%,2.28%,4.56%,12.8%,0.15,8.35,33.29,9.08,1.24,,
Gary Woodland,44.74,$9900,4.52,1.22,58.24%,0.76%,6.16%,11.32%,25.12%,0.18,10.02,36.57,8.97,1.22,,
Preston Stout,34.11,N/A,N/A,3.13,42.92%,0.12%,1.52%,4.16%,12.12%,0.14,8.13,33.05,8.88,1.25,,
Patton Kizzire,32.17,$7000,4.6,3.5,39.16%,0.12%,1.6%,3.52%,10.12%,0.13,7.8,32.01,8.96,1.2,,
Tyler Duncan,35.11,$7300,4.81,2.99,43.92%,0.2%,1.96%,4.4%,13.16%,0.17,8.32,33.08,9,1.24,,
Matthias Schmid,38.18,$8500,4.49,2.51,49.44%,0.48%,2.8%,5.84%,16.72%,0.17,8.89,34.44,9.03,1.26,,
Maverick McNealy,46.58,$11400,4.09,0.75,58.88%,0.88%,7.24%,14.2%,29.16%,0.2,10.3,36.61,8.92,1.18,,
Patrick Rodgers,37.68,$8400,4.49,2.5,47.52%,0.48%,3.08%,6.04%,17.88%,0.16,8.78,33.96,8.99,1.21,,
Brice Garnett,37.47,$7000,5.35,2.56,47.88%,0.16%,2.12%,5.16%,15.32%,0.15,8.83,34.01,9.01,1.25,,
John VanDerLaan,34.75,N/A,N/A,3.1,43.84%,0.24%,2.2%,4.32%,13.0%,0.15,8.25,33.18,8.96,1.25,,
Joe Highsmith,33.08,$7100,4.66,3.41,40.8%,0.28%,1.76%,3.84%,11.12%,0.15,7.96,32.33,9.01,1.23,,
Chad Ramey,39.78,$7900,5.04,2.13,51.04%,0.4%,3.96%,8.28%,19.4%,0.17,9.12,34.88,9,1.2,,
Nicholas Lindheim,34.41,$7000,4.92,3.15,43.52%,0.12%,2.12%,4.52%,12.36%,0.14,8.2,33.12,8.95,1.25,,
Jesper Svensson,41.4,$8800,4.7,1.83,52.88%,1.0%,4.16%,8.16%,20.52%,0.18,9.48,35.06,9.13,1.19,,
Taylor Moore,39.76,$8800,4.52,2.24,52.08%,0.52%,3.84%,7.08%,18.24%,0.17,9.21,34.96,9.2,1.2,,
Kevin Streelman,41.01,$7100,5.78,1.98,53.32%,0.88%,4.4%,8.4%,20.0%,0.17,9.4,35.36,9.02,1.25,,
Stephan Jaeger,40.91,$8900,4.6,1.98,52.96%,0.72%,4.16%,7.88%,20.64%,0.2,9.33,35.23,9.07,1.24,,
Ricky Castillo,42.46,$9000,4.72,1.59,54.12%,0.36%,5.04%,10.28%,23.04%,0.19,9.56,35.56,8.98,1.19,,
Kensei Hirata,37.02,$7000,5.29,2.64,47.2%,0.52%,3.2%,5.88%,15.8%,0.16,8.62,34.02,8.98,1.21,,
Ben Martin,36.08,$7000,5.15,2.81,45.28%,0.2%,2.76%,5.84%,14.8%,0.17,8.48,33.45,8.98,1.23,,
Luke List,36.91,$7300,5.06,2.66,46.28%,0.36%,2.52%,6.08%,16.4%,0.17,8.69,33.57,8.97,1.26,,
Troy Merritt,39.42,$7400,5.33,2.24,50.64%,0.6%,3.76%,7.0%,18.32%,0.17,9.1,34.65,9.07,1.22,,
Peter Malnati,28.45,$7100,4.01,4.28,33.76%,0.12%,0.52%,2.0%,6.68%,0.13,7.1,30.74,8.91,1.27,,
Kurt Kitayama,52.77,$11600,4.55,-0.33,66.2%,2.64%,11.64%,19.16%,37.64%,0.22,11.29,38.25,8.92,1.16,,
Nick Dunlap,35.36,$7700,4.59,2.92,44.76%,0.24%,2.04%,5.12%,13.12%,0.14,8.39,33.36,9.01,1.21,,
Rasmus Neergaard-Petersen,41.97,N/A,N/A,1.69,53.68%,0.92%,5.4%,9.4%,22.28%,0.17,9.5,35.49,8.97,1.2,,
Will Gordon,42.21,$7400,5.7,1.68,54.4%,0.8%,4.52%,9.36%,22.76%,0.19,9.57,35.61,8.95,1.26,,
Denny McCarthy,41.57,$8300,5.01,1.89,54.44%,0.56%,4.24%,8.72%,21.08%,0.18,9.47,35.64,9.09,1.23,,
John Keefer,48.98,N/A,N/A,0.39,63.32%,1.04%,8.08%,14.6%,32.36%,0.19,10.73,37.72,8.97,1.18,,
Mackenzie Hughes,39.3,$8700,4.52,2.28,50.16%,0.52%,3.64%,7.24%,18.8%,0.17,9.09,34.49,9.07,1.23,,
Scottie Scheffler,72.61,$15800,4.6,-3.98,82.84%,10.32%,31.16%,45.04%,65.76%,0.31,14.2,41.66,8.58,1.06,,
Beau Hossler,42.31,$8900,4.75,1.6,54.52%,0.72%,4.92%,9.56%,23.16%,0.18,9.6,35.61,9.06,1.18,,
Sudarshan Yellamaraju,47.75,N/A,N/A,0.67,60.96%,2.08%,7.84%,14.36%,29.6%,0.2,10.49,37.07,9,1.19,,
Rasmus Hojgaard,42.71,$9200,4.64,1.59,54.68%,0.92%,5.12%,9.92%,23.12%,0.19,9.69,35.55,9.05,1.21,,
Justin Lower,34.52,$7100,4.86,3.15,43.92%,0.28%,2.12%,4.52%,12.76%,0.16,8.19,33.19,9.07,1.2,,
Cameron Champ,37.31,$7300,5.11,2.6,47.36%,0.24%,2.92%,5.84%,14.88%,0.16,8.76,33.87,9.03,1.24,,
Max Greyserman,40.13,$9400,4.27,1.92,49.92%,0.6%,3.92%,8.2%,21.44%,0.17,9.2,34.49,8.95,1.16,,
Alejandro Tosti,30.62,$7000,4.37,3.87,37.0%,0.12%,1.2%,3.08%,7.96%,0.14,7.5,31.49,8.92,1.26,,
Pierceson Coody,43.93,$10600,4.14,1.35,56.68%,0.92%,5.8%,10.92%,23.96%,0.19,9.88,36.08,9.07,1.19,,
Casey Jarvis,34.19,N/A,N/A,3.16,43.64%,0.2%,1.84%,3.88%,11.52%,0.14,8.15,33.27,8.89,1.25,,
David Lipsky,38.5,$7500,5.13,2.4,49.28%,0.4%,3.56%,7.04%,16.96%,0.19,8.91,34.39,9.01,1.25,,
Ryder Cowan,34.79,N/A,N/A,3.09,44.08%,0.32%,2.2%,4.48%,13.04%,0.14,8.3,33.18,9.03,1.23,,
Chun An Yu,42.88,$9100,4.71,1.53,55.56%,0.84%,4.76%,9.4%,23.64%,0.17,9.71,35.89,9.06,1.18,,
Benjamin Silverman,42.31,$7200,5.88,1.61,53.72%,0.92%,5.32%,10.04%,22.68%,0.17,9.56,35.48,8.93,1.19,,
Seamus Power,41.9,$8300,5.05,1.72,53.56%,0.68%,5.08%,9.76%,21.56%,0.17,9.55,35.36,8.99,1.22,,
Thorbjorn Olesen,42.11,$8600,4.9,1.68,54.56%,0.8%,4.36%,9.32%,22.16%,0.19,9.56,35.65,9.02,1.21,,
Jackson Koivun,34.04,N/A,N/A,3.2,42.8%,0.2%,2.24%,3.96%,11.84%,0.14,8.11,32.98,8.94,1.24,,
Hao-Tong Li,42.61,$8500,5.01,1.56,54.8%,0.96%,5.16%,9.16%,23.6%,0.17,9.64,35.74,8.99,1.2,,
Ryan Brehm,26.6,$7000,3.8,4.61,29.68%,0.08%,0.68%,1.84%,5.48%,0.11,6.8,29.6,8.91,1.26,,
Michael Kim,42.25,$9000,4.69,1.63,53.44%,0.96%,5.36%,9.96%,22.4%,0.17,9.57,35.34,8.93,1.22,,
Lucas Glover,45.6,$8400,5.43,1.11,60.08%,0.64%,6.2%,11.76%,26.12%,0.2,10.17,36.98,9.08,1.21,,
Hank Lebioda,37.37,$7000,5.34,2.59,47.88%,0.32%,3.0%,5.88%,15.4%,0.16,8.75,34.06,9.05,1.21,,
Zac Blair,46.93,$8200,5.72,0.79,60.24%,1.16%,7.68%,13.52%,29.52%,0.2,10.31,37.05,8.92,1.2,,
Ben Kohles,54.44,$8400,6.48,-0.6,68.48%,2.92%,12.32%,21.12%,40.04%,0.23,11.57,38.74,8.93,1.17,,
Max Homa,38.05,$9800,3.88,2.47,48.52%,0.2%,2.96%,6.36%,16.92%,0.17,8.85,34.19,9.01,1.24,,
Brian Harman,41.75,$8700,4.8,1.65,52.68%,0.72%,5.2%,9.96%,21.96%,0.18,9.45,35.28,8.84,1.22,,
Matthieu Pavon,34.74,$7800,4.45,3.11,44.0%,0.4%,2.12%,4.56%,12.68%,0.15,8.29,33.08,9.08,1.23,,
Garrick Higgo,35.53,$8100,4.39,3.02,45.64%,0.32%,2.32%,4.8%,12.76%,0.16,8.45,33.45,9.13,1.24,,
John Parry,44.38,$8600,5.16,1.3,57.48%,0.84%,6.04%,11.64%,25.04%,0.19,9.92,36.36,9,1.22,,
Jason Day,37.4,$9400,3.98,2.62,47.48%,0.32%,2.48%,6.52%,15.68%,0.17,8.8,33.75,9.15,1.21,,
Brian Campbell,26.04,$7000,3.72,4.71,28.84%,0.0%,0.48%,1.32%,4.84%,0.11,6.66,29.47,8.88,1.26,,
Gordon Sargent,27.23,$8100,3.36,4.56,31.2%,0.04%,0.6%,1.4%,5.28%,0.13,6.94,29.86,9.01,1.29,,
Marcelo Rozo,31.3,$7000,4.47,3.72,37.72%,0.2%,1.24%,3.12%,9.64%,0.13,7.65,31.56,8.99,1.24,,
Takumi Kanaya,38.43,$7600,5.06,2.38,48.96%,0.56%,3.56%,7.0%,17.48%,0.18,8.88,34.38,8.97,1.23,,
Dylan Wu,35.65,$7200,4.95,2.86,45.2%,0.24%,1.84%,4.48%,13.64%,0.15,8.45,33.49,8.92,1.25,,
Kristoffer Ventura,42.47,$8000,5.31,1.57,53.96%,0.92%,4.52%,9.28%,23.28%,0.18,9.61,35.45,9.01,1.18,,
Jimmy Stanger,32.74,$7100,4.61,3.49,40.12%,0.28%,1.6%,3.4%,10.36%,0.16,7.91,32.11,9,1.27,,
Sungjae Im,38.51,$10100,3.81,2.35,48.96%,0.24%,2.84%,6.56%,17.88%,0.17,8.96,34.19,9.14,1.17,,
Joohyung Kim,48.35,$10700,4.52,0.52,61.84%,1.32%,8.12%,14.96%,31.6%,0.2,10.6,37.32,8.96,1.19,,
Jeffrey Kang,35,$7000,5.0,3.07,43.96%,0.16%,1.96%,4.8%,12.96%,0.15,8.36,33,9.1,1.22,,
Christiaan Bezuidenhout,47.54,$9300,5.11,0.73,61.68%,1.04%,7.52%,13.68%,29.0%,0.2,10.51,37.26,9.01,1.23,,
Rafael Campos,25.63,$7000,3.66,4.84,28.56%,0.0%,0.4%,1.2%,3.96%,0.12,6.58,29.4,8.92,1.27,,
Luke Clanton,38.19,$7900,4.83,2.39,48.48%,0.56%,3.8%,7.56%,16.4%,0.15,8.87,34.21,9.02,1.2,,
William Mouw,41.44,$9300,4.46,1.77,52.36%,0.8%,4.84%,8.84%,20.96%,0.17,9.48,34.97,9.03,1.19,,
Chandler Phillips,38.49,$7400,5.2,2.42,50.24%,0.36%,3.24%,6.64%,17.68%,0.17,8.92,34.74,9,1.25,,
Andrew Putnam,40.06,$8300,4.83,2.13,50.88%,0.8%,3.92%,7.88%,18.88%,0.2,9.25,34.52,9.09,1.25,,
Aldrich Potgieter,39.54,$9200,4.3,2.22,50.96%,0.48%,2.88%,7.08%,18.8%,0.16,9.22,34.62,9.12,1.23,,
Chandler Blanchet,34.11,N/A,N/A,3.13,42.72%,0.36%,2.04%,4.08%,12.68%,0.15,8.14,32.93,8.94,1.23,,
Taylor Pendrith,43.07,$9100,4.73,1.53,55.16%,0.92%,5.4%,10.64%,23.36%,0.18,9.7,35.76,9.01,1.21,,
Benjamin James,42.57,N/A,N/A,1.64,54.96%,1.24%,5.12%,10.32%,23.24%,0.18,9.6,35.81,8.99,1.21,,
Vincent Whaley,31.03,$7400,4.19,3.81,37.84%,0.12%,1.12%,2.68%,8.96%,0.15,7.62,31.56,9.05,1.25,,
Davis Chatfield,39.89,N/A,N/A,2.14,51.68%,0.44%,3.36%,8.08%,19.04%,0.18,9.19,34.97,9.05,1.22,,
Adam Schenk,30.53,$7400,4.13,3.93,37.44%,0.08%,1.12%,2.76%,7.96%,0.13,7.52,31.55,9.02,1.25,,
Zachary Bauchou,45.62,$8500,5.37,1.06,59.4%,0.84%,6.08%,11.76%,27.88%,0.19,10.18,36.78,9.01,1.22,,
Austin Smotherman,43.09,$8400,5.13,1.47,55.64%,0.6%,5.0%,10.08%,23.56%,0.18,9.75,35.87,9.05,1.19,,
Hideki Matsuyama,49.29,$11300,4.36,0.3,62.56%,1.36%,9.2%,16.88%,33.6%,0.22,10.67,37.56,8.92,1.16,,
Brandt Snedeker,42.82,$7700,5.56,1.59,55.12%,0.88%,5.08%,9.72%,23.28%,0.18,9.67,35.79,8.96,1.24,,
Max McGreevy,45.13,$8200,5.5,1.19,59.0%,0.6%,5.76%,10.92%,26.24%,0.19,10.14,36.57,9.15,1.19,,
Keita Nakajima,44.12,$8600,5.13,1.18,55.52%,0.92%,6.6%,11.44%,25.52%,0.19,9.84,35.96,8.79,1.21,,
Patrick Fishburn,41.94,$7800,5.38,1.69,53.68%,0.92%,4.68%,8.96%,21.4%,0.19,9.48,35.45,9.02,1.18,,
Jackson Suber,47.98,$10500,4.57,0.57,61.28%,1.28%,8.28%,14.68%,30.2%,0.21,10.49,37.24,8.94,1.18,,
Tom Hoge,39.86,$7700,5.18,2.09,51.0%,0.72%,3.68%,7.52%,19.2%,0.17,9.15,34.85,8.98,1.21,,
David Skinns,45.36,$7500,6.05,1.08,58.48%,0.92%,6.36%,12.68%,27.32%,0.19,10.09,36.62,8.93,1.23,,
Danny Walker,33.89,N/A,N/A,3.26,42.44%,0.24%,2.28%,4.48%,11.92%,0.14,8.12,32.75,9.04,1.22,,
Corey Conners,43.75,$10200,4.29,1.35,55.92%,0.72%,4.92%,10.4%,24.36%,0.18,9.9,35.86,8.96,1.24,,
Mark Hubbard,36.99,$7400,5.0,2.64,47.16%,0.44%,2.48%,5.88%,15.72%,0.17,8.67,33.87,9.05,1.22,,
Jeremy Paul,23.53,$7000,3.36,5.25,24.64%,0.04%,0.32%,0.68%,3.44%,0.11,6.18,28.4,8.92,1.27,,
Chris Kirk,41.47,$8200,5.06,1.83,52.96%,1.0%,4.32%,8.72%,21.28%,0.17,9.46,35.2,9.03,1.2,,
Aaron Wise,39.87,$7600,5.25,2.16,51.44%,0.6%,3.24%,7.32%,19.56%,0.17,9.22,34.83,9.07,1.24,,
Karl Vilips,37.25,$7900,4.72,2.61,48.0%,0.4%,2.88%,5.6%,15.04%,0.17,8.74,34.09,9.07,1.22,,
Joel Dahmen,45.75,$7500,6.1,0.92,58.8%,1.12%,6.36%,12.76%,28.12%,0.19,10.12,36.74,8.94,1.17,,
Sam Stevens,41.6,$9900,4.2,1.79,53.56%,0.52%,4.04%,9.12%,21.64%,0.17,9.56,35.25,9.08,1.22,,
Billy Horschel,37.19,$8100,4.59,2.68,47.16%,0.36%,2.64%,6.0%,16.4%,0.17,8.76,33.72,9.06,1.27,,
A.J. Ewart,44.88,N/A,N/A,1.14,57.6%,1.24%,6.6%,12.0%,25.84%,0.2,9.96,36.42,8.98,1.18,,
Michael Brennan,51.16,$9700,5.27,0.05,65.92%,2.0%,9.68%,16.68%,34.48%,0.21,11.06,38.25,9.04,1.17,,
Emiliano Grillo,42.54,$8700,4.89,1.57,54.4%,0.56%,5.52%,10.2%,22.96%,0.19,9.61,35.59,9.02,1.18,,
Cameron Davis,26.07,$7100,3.67,4.79,29.2%,0.04%,0.4%,1.12%,4.36%,0.12,6.65,29.54,8.92,1.28,,
Tony Finau,39.1,$9800,3.99,2.24,50.04%,0.4%,3.2%,7.2%,18.28%,0.18,9.06,34.52,9.02,1.24,,
Adam Svensson,38.38,$7200,5.33,2.45,48.84%,0.4%,3.68%,6.84%,17.68%,0.16,8.97,34.14,9.09,1.23,,
Davis Riley,29.88,$7200,4.15,3.98,36.0%,0.04%,0.64%,1.92%,7.88%,0.13,7.35,31.32,8.94,1.22,,
Doug Ghim,53.93,$10400,5.19,-0.54,67.64%,2.28%,12.36%,21.88%,39.6%,0.24,11.47,38.55,8.9,1.18,,
Austin Eckroat,41.19,$8100,5.09,1.85,53.12%,0.72%,4.12%,8.64%,20.88%,0.19,9.38,35.38,8.93,1.25,,
Steven Fisk,43.06,$9000,4.78,1.49,55.6%,0.96%,5.48%,9.88%,23.24%,0.18,9.71,35.93,9,1.2,,